Id,Age,BusinessTravel,DailyRate,Department,DistanceFromHome,Education,EducationField,EmployeeCount,EmployeeNumber,EnvironmentSatisfaction,Gender,HourlyRate,JobInvolvement,JobLevel,JobRole,JobSatisfaction,MaritalStatus,MonthlyIncome,MonthlyRate,NumCompaniesWorked,Over18,OverTime,PercentSalaryHike,PerformanceRating,RelationshipSatisfaction,StandardHours,StockOptionLevel,TotalWorkingYears,TrainingTimesLastYear,WorkLifeBalance,YearsAtCompany,YearsInCurrentRole,YearsSinceLastPromotion,YearsWithCurrManager
1138,50,Travel_Frequently,1234,Research & Development,20,5,Medical,1,1606,2,Male,41,3,4,Healthcare Representative,3,Married,11245,20689,2,Y,Yes,15,3,3,80,1,32,3,3,30,8,12,13
850,32,Non-Travel,862,Sales,2,1,Life Sciences,1,1190,3,Female,76,3,1,Sales Representative,1,Divorced,2827,14947,1,Y,No,12,3,3,80,3,1,3,3,1,0,0,0
6,59,Travel_Rarely,1324,Research & Development,3,3,Medical,1,10,3,Female,81,4,1,Laboratory Technician,1,Married,2670,9964,4,Y,Yes,20,4,1,80,3,12,3,2,1,0,0,0
1160,45,Travel_Rarely,1329,Research & Development,2,2,Other,1,1635,4,Female,59,2,2,Manufacturing Director,4,Divorced,5770,5388,1,Y,No,19,3,1,80,2,10,3,3,10,7,3,9
359,36,Travel_Frequently,541,Sales,3,4,Medical,1,481,1,Male,48,2,3,Sales Executive,4,Married,9699,7246,4,Y,No,11,3,1,80,1,16,2,3,13,9,1,12
393,34,Non-Travel,1381,Sales,4,4,Marketing,1,523,3,Female,72,3,2,Sales Executive,3,Married,6538,12740,9,Y,No,15,3,1,80,1,6,3,3,3,2,1,2
1324,29,Travel_Rarely,726,Research & Development,29,1,Life Sciences,1,1859,4,Male,93,1,2,Healthcare Representative,3,Divorced,6384,21143,8,Y,No,17,3,4,80,2,11,3,3,7,0,1,6
927,36,Travel_Rarely,429,Research & Development,2,4,Life Sciences,1,1294,3,Female,53,3,2,Manufacturing Director,2,Single,5410,2323,9,Y,Yes,11,3,4,80,0,18,2,3,16,14,5,12
930,51,Travel_Frequently,968,Research & Development,6,2,Medical,1,1297,2,Female,40,2,1,Laboratory Technician,3,Single,2838,4257,0,Y,No,14,3,2,80,0,8,6,2,7,0,7,7
1349,26,Travel_Rarely,482,Research & Development,1,2,Life Sciences,1,1893,2,Female,90,2,1,Research Scientist,3,Married,2933,14908,1,Y,Yes,13,3,3,80,1,1,3,2,1,0,1,0
392,54,Travel_Rarely,821,Research & Development,5,2,Medical,1,522,1,Male,86,3,5,Research Director,1,Married,19406,8509,4,Y,No,11,3,3,80,1,24,4,2,4,2,1,2
1106,30,Travel_Rarely,740,Sales,1,3,Life Sciences,1,1562,2,Male,64,2,2,Sales Executive,1,Married,9714,5323,1,Y,No,11,3,4,80,1,10,4,3,10,8,6,7
848,35,Travel_Frequently,636,Research & Development,4,4,Other,1,1185,4,Male,47,2,1,Laboratory Technician,4,Married,2376,26537,1,Y,No,13,3,2,80,1,2,2,4,2,2,2,2
1382,31,Non-Travel,976,Research & Development,3,2,Medical,1,1948,3,Male,48,3,1,Research Scientist,1,Divorced,3065,3995,1,Y,Yes,13,3,4,80,1,4,3,4,4,2,2,3
1429,39,Travel_Rarely,116,Research & Development,24,1,Life Sciences,1,2014,1,Male,52,3,2,Research Scientist,4,Single,4108,5340,7,Y,No,13,3,1,80,0,18,2,3,7,7,1,7
1426,32,Travel_Rarely,267,Research & Development,29,4,Life Sciences,1,2010,3,Female,49,2,1,Laboratory Technician,2,Single,2837,15919,1,Y,No,13,3,3,80,0,6,3,3,6,2,4,1
37,35,Travel_Rarely,890,Sales,2,3,Marketing,1,49,4,Female,97,3,1,Sales Representative,4,Married,2014,9687,1,Y,No,13,3,1,80,0,2,3,3,2,2,2,2
1463,31,Non-Travel,325,Research & Development,5,3,Medical,1,2057,2,Male,74,3,2,Manufacturing Director,1,Single,9936,3787,0,Y,No,19,3,2,80,0,10,2,3,9,4,1,7
1188,29,Travel_Rarely,991,Sales,5,3,Medical,1,1669,1,Male,43,2,2,Sales Executive,2,Divorced,4187,3356,1,Y,Yes,13,3,2,80,1,10,3,2,10,0,0,9
1433,25,Travel_Rarely,1382,Sales,8,2,Other,1,2018,1,Female,85,3,2,Sales Executive,3,Divorced,4907,13684,0,Y,Yes,22,4,2,80,1,6,3,2,5,3,0,4
519,29,Travel_Frequently,806,Research & Development,1,4,Life Sciences,1,710,2,Male,76,1,1,Research Scientist,4,Divorced,2720,18959,1,Y,No,18,3,4,80,1,10,5,3,10,7,2,8
1239,31,Travel_Frequently,163,Research & Development,24,1,Technical Degree,1,1736,4,Female,30,3,2,Manufacturing Director,4,Single,5238,6670,2,Y,No,20,4,4,80,0,9,3,2,5,4,1,4
436,33,Travel_Rarely,587,Research & Development,10,1,Medical,1,584,1,Male,38,1,1,Laboratory Technician,4,Divorced,3408,6705,7,Y,No,13,3,1,80,3,8,2,3,4,3,1,3
250,37,Travel_Frequently,504,Research & Development,10,3,Medical,1,342,1,Male,61,3,3,Manufacturing Director,3,Divorced,10048,22573,6,Y,No,11,3,2,80,2,17,5,3,1,0,0,0
520,48,Travel_Rarely,817,Sales,2,1,Marketing,1,712,2,Male,56,4,2,Sales Executive,2,Married,8120,18597,3,Y,No,12,3,4,80,0,12,3,3,2,2,2,2
991,32,Travel_Rarely,499,Sales,2,1,Marketing,1,1396,3,Male,36,3,2,Sales Executive,2,Married,4078,20497,0,Y,Yes,13,3,1,80,3,4,3,2,3,2,1,2
1276,37,Travel_Rarely,589,Sales,9,2,Marketing,1,1787,2,Male,46,2,2,Sales Executive,2,Married,4189,8800,1,Y,No,14,3,1,80,2,5,2,3,5,2,0,3
903,29,Travel_Rarely,1329,Research & Development,7,3,Life Sciences,1,1260,3,Male,82,3,2,Healthcare Representative,4,Divorced,6623,4204,1,Y,Yes,11,3,2,80,2,6,2,3,6,0,1,0
119,43,Travel_Frequently,394,Sales,26,2,Life Sciences,1,158,3,Male,92,3,4,Manager,4,Married,16959,19494,1,Y,Yes,12,3,4,80,2,25,3,4,25,12,4,12
495,27,Travel_Rarely,1420,Sales,2,1,Marketing,1,667,3,Male,85,3,1,Sales Representative,1,Divorced,3041,16346,0,Y,No,11,3,2,80,1,5,3,3,4,3,0,2
1045,40,Travel_Rarely,896,Research & Development,2,3,Medical,1,1474,3,Male,68,3,1,Research Scientist,3,Divorced,2345,8045,2,Y,No,14,3,3,80,1,8,3,4,3,1,1,2
643,42,Travel_Rarely,1265,Research & Development,3,3,Life Sciences,1,894,3,Female,95,4,2,Laboratory Technician,4,Married,5231,23726,2,Y,Yes,13,3,2,80,1,17,1,2,5,3,1,3
370,21,Travel_Rarely,156,Sales,12,3,Life Sciences,1,494,3,Female,90,4,1,Sales Representative,2,Single,2716,25422,1,Y,No,15,3,4,80,0,1,0,3,1,0,0,0
89,46,Travel_Rarely,669,Sales,9,2,Medical,1,118,3,Male,64,2,3,Sales Executive,4,Single,9619,13596,1,Y,No,16,3,4,80,0,9,3,3,9,8,4,7
986,39,Travel_Rarely,1498,Sales,21,4,Life Sciences,1,1390,1,Male,44,2,2,Sales Executive,4,Married,6120,3567,3,Y,Yes,12,3,4,80,2,8,2,4,5,4,1,4
1044,49,Travel_Rarely,1495,Research & Development,5,4,Technical Degree,1,1473,1,Male,96,3,2,Healthcare Representative,3,Married,6651,21534,2,Y,No,14,3,2,80,1,20,0,2,3,2,1,2
1076,54,Travel_Frequently,1050,Research & Development,11,4,Medical,1,1520,2,Female,87,3,4,Manager,4,Divorced,16032,24456,3,Y,No,20,4,1,80,1,26,2,3,14,9,1,12
1410,40,Travel_Rarely,444,Sales,2,2,Marketing,1,1986,2,Female,92,3,2,Sales Executive,2,Married,5677,4258,3,Y,No,14,3,3,80,1,15,4,3,11,8,5,10
787,55,Travel_Frequently,1091,Research & Development,2,1,Life Sciences,1,1096,4,Male,65,3,3,Manufacturing Director,2,Married,10976,15813,3,Y,No,18,3,2,80,1,23,4,3,3,2,1,2
1466,39,Travel_Rarely,613,Research & Development,6,1,Medical,1,2062,4,Male,42,2,3,Healthcare Representative,1,Married,9991,21457,4,Y,No,15,3,1,80,1,9,5,3,7,7,1,7
1109,30,Travel_Rarely,1288,Sales,29,4,Technical Degree,1,1568,3,Male,33,3,3,Sales Executive,2,Married,9250,17799,3,Y,No,12,3,2,80,1,9,3,3,4,2,1,3
22,34,Travel_Rarely,419,Research & Development,7,4,Life Sciences,1,28,1,Female,53,3,3,Research Director,2,Single,11994,21293,0,Y,No,11,3,3,80,0,13,4,3,12,6,2,11
458,40,Non-Travel,1094,Sales,28,3,Other,1,615,3,Male,58,1,3,Sales Executive,1,Divorced,10932,11373,3,Y,No,15,3,3,80,1,20,2,3,1,0,0,1
93,46,Travel_Frequently,638,Research & Development,1,3,Medical,1,124,3,Male,40,2,3,Healthcare Representative,1,Married,10673,3142,2,Y,Yes,13,3,3,80,1,21,5,2,10,9,9,5
829,33,Travel_Rarely,603,Sales,9,4,Marketing,1,1157,1,Female,77,3,2,Sales Executive,1,Single,8224,18385,0,Y,Yes,17,3,1,80,0,6,3,3,5,2,0,3
163,57,Travel_Rarely,334,Research & Development,24,2,Life Sciences,1,223,3,Male,83,4,3,Healthcare Representative,4,Divorced,9439,23402,3,Y,Yes,16,3,2,80,1,12,2,1,5,3,1,4
1314,45,Non-Travel,589,Sales,2,4,Life Sciences,1,1845,3,Female,67,3,2,Sales Executive,3,Married,5154,19665,4,Y,No,22,4,2,80,2,10,3,4,8,7,5,7
100,37,Travel_Rarely,807,Human Resources,6,4,Human Resources,1,133,3,Male,63,3,1,Human Resources,1,Divorced,2073,23648,4,Y,Yes,22,4,4,80,0,7,3,3,3,2,0,2
505,26,Travel_Rarely,991,Research & Development,6,3,Life Sciences,1,686,3,Female,71,3,1,Laboratory Technician,4,Married,2659,17759,1,Y,Yes,13,3,3,80,1,3,2,3,3,2,0,2
114,34,Travel_Rarely,1031,Research & Development,6,4,Life Sciences,1,151,3,Female,45,2,2,Research Scientist,2,Divorced,4505,15000,6,Y,No,15,3,3,80,1,12,3,3,1,0,0,0
332,54,Travel_Frequently,928,Research & Development,20,4,Life Sciences,1,450,4,Female,31,3,2,Research Scientist,3,Single,4869,16885,3,Y,No,12,3,4,80,0,20,4,2,4,3,0,3
190,52,Travel_Rarely,699,Research & Development,1,4,Life Sciences,1,259,3,Male,65,2,5,Manager,3,Married,19999,5678,0,Y,No,14,3,1,80,1,34,5,3,33,18,11,9
811,38,Travel_Rarely,130,Sales,2,2,Marketing,1,1125,4,Male,32,3,3,Sales Executive,2,Single,7351,20619,7,Y,No,16,3,3,80,0,10,2,3,1,0,0,0
1432,37,Travel_Rarely,161,Research & Development,10,3,Life Sciences,1,2017,3,Female,42,4,3,Research Director,4,Married,13744,15471,1,Y,Yes,25,4,1,80,1,16,2,3,16,11,6,8
169,32,Travel_Rarely,120,Research & Development,6,5,Life Sciences,1,231,3,Male,43,3,1,Research Scientist,3,Single,3038,12430,3,Y,No,20,4,1,80,0,8,2,3,5,4,1,4
622,32,Travel_Rarely,117,Sales,13,4,Life Sciences,1,859,2,Male,73,3,2,Sales Executive,4,Divorced,4403,9250,2,Y,No,11,3,3,80,1,8,3,2,5,2,0,3
377,36,Travel_Rarely,329,Research & Development,2,3,Life Sciences,1,501,4,Female,96,3,1,Research Scientist,3,Married,2543,11868,4,Y,No,13,3,2,80,1,6,3,3,2,2,2,2
912,26,Travel_Rarely,583,Research & Development,4,2,Life Sciences,1,1275,3,Male,53,3,1,Research Scientist,4,Single,2875,9973,1,Y,Yes,20,4,2,80,0,8,2,2,8,5,2,2
1098,40,Non-Travel,1142,Research & Development,8,2,Life Sciences,1,1552,4,Male,72,3,2,Healthcare Representative,4,Divorced,4069,8841,3,Y,Yes,18,3,3,80,0,8,2,3,2,2,2,2
936,45,Travel_Frequently,364,Research & Development,25,3,Medical,1,1306,2,Female,83,3,5,Manager,2,Single,18061,13035,3,Y,No,22,4,3,80,0,22,4,3,0,0,0,0
1415,33,Non-Travel,1313,Research & Development,1,2,Medical,1,1994,2,Male,59,2,1,Laboratory Technician,3,Divorced,2008,20439,1,Y,No,12,3,3,80,3,1,2,2,1,1,0,0
60,32,Travel_Rarely,427,Research & Development,1,3,Medical,1,78,1,Male,33,3,2,Manufacturing Director,4,Married,6162,10877,1,Y,Yes,22,4,2,80,1,9,3,3,9,8,7,8
349,29,Non-Travel,746,Sales,2,3,Life Sciences,1,469,4,Male,61,3,2,Sales Executive,3,Married,4649,16928,1,Y,No,14,3,1,80,1,4,3,2,4,3,0,2
320,27,Travel_Rarely,1377,Sales,2,3,Life Sciences,1,437,4,Male,74,3,2,Sales Executive,3,Single,4478,5242,1,Y,Yes,11,3,1,80,0,5,3,3,5,4,0,4
620,35,Travel_Rarely,1343,Research & Development,27,1,Medical,1,856,3,Female,53,2,1,Research Scientist,1,Single,2559,17852,1,Y,No,11,3,4,80,0,6,3,2,6,5,1,1
995,43,Travel_Rarely,930,Research & Development,6,3,Medical,1,1402,1,Female,73,2,2,Research Scientist,3,Single,4081,20003,1,Y,Yes,14,3,1,80,0,20,3,1,20,7,1,8
779,51,Travel_Rarely,1323,Research & Development,4,4,Life Sciences,1,1081,1,Male,34,3,1,Research Scientist,3,Married,2461,10332,9,Y,Yes,12,3,3,80,3,18,2,4,10,0,2,7
638,25,Travel_Rarely,583,Sales,4,1,Marketing,1,885,3,Male,87,2,2,Sales Executive,1,Married,4256,18154,1,Y,No,12,3,1,80,0,5,1,4,5,2,0,3
736,48,Travel_Rarely,1355,Research & Development,4,4,Life Sciences,1,1024,3,Male,78,2,3,Healthcare Representative,3,Single,10999,22245,7,Y,No,14,3,2,80,0,27,3,3,15,11,4,8
628,37,Travel_Rarely,342,Sales,16,4,Marketing,1,868,4,Male,66,2,2,Sales Executive,3,Divorced,6334,24558,4,Y,No,19,3,4,80,2,9,2,3,1,0,0,0
1326,32,Travel_Rarely,414,Sales,2,4,Marketing,1,1862,3,Male,82,2,2,Sales Executive,2,Single,9907,26186,7,Y,Yes,12,3,3,80,0,7,3,2,2,2,2,2
642,38,Travel_Rarely,395,Sales,9,3,Marketing,1,893,2,Male,98,2,1,Sales Representative,2,Married,2899,12102,0,Y,No,19,3,4,80,1,3,3,3,2,2,1,2
691,40,Travel_Frequently,1469,Research & Development,9,4,Medical,1,964,4,Male,35,3,1,Research Scientist,2,Divorced,3617,25063,8,Y,Yes,14,3,4,80,1,3,2,3,1,1,0,0
258,51,Travel_Rarely,833,Research & Development,1,3,Life Sciences,1,353,3,Male,96,3,1,Research Scientist,4,Married,2723,23231,1,Y,No,11,3,2,80,0,1,0,2,1,0,0,0
575,54,Travel_Rarely,376,Research & Development,19,4,Medical,1,799,4,Female,95,3,2,Manufacturing Director,1,Divorced,5485,22670,9,Y,Yes,11,3,2,80,2,9,4,3,5,3,1,4
451,42,Travel_Rarely,319,Research & Development,24,3,Medical,1,605,4,Male,56,3,3,Manufacturing Director,1,Married,7406,6950,1,Y,Yes,21,4,4,80,1,10,5,2,10,9,5,8
550,23,Travel_Rarely,650,Research & Development,9,1,Medical,1,758,2,Male,37,3,1,Laboratory Technician,1,Married,2500,4344,1,Y,No,14,3,4,80,1,5,2,4,4,3,0,2
91,51,Travel_Rarely,632,Sales,21,4,Marketing,1,120,3,Male,71,3,2,Sales Executive,4,Single,5441,8423,0,Y,Yes,22,4,4,80,0,11,2,1,10,7,1,0
760,53,Travel_Frequently,124,Sales,2,3,Marketing,1,1050,3,Female,38,2,3,Sales Executive,2,Married,7525,23537,2,Y,No,12,3,1,80,1,30,2,3,15,7,6,12
472,37,Travel_Rarely,446,Research & Development,1,4,Life Sciences,1,635,2,Female,65,3,2,Manufacturing Director,2,Married,6447,15701,6,Y,No,12,3,2,80,1,8,2,2,6,5,4,3
1321,47,Travel_Rarely,207,Research & Development,9,4,Life Sciences,1,1856,2,Female,64,3,1,Laboratory Technician,3,Single,2105,5411,4,Y,No,12,3,3,80,0,7,2,3,2,2,2,0
1121,36,Travel_Rarely,884,Sales,1,4,Life Sciences,1,1585,2,Female,73,3,2,Sales Executive,3,Single,6815,21447,6,Y,No,13,3,1,80,0,15,5,3,1,0,0,0
511,36,Travel_Rarely,913,Research & Development,9,2,Medical,1,699,2,Male,48,2,2,Manufacturing Director,2,Divorced,8847,13934,2,Y,Yes,11,3,3,80,1,13,2,3,3,2,0,2
1021,25,Travel_Rarely,383,Sales,9,2,Life Sciences,1,1439,1,Male,68,2,1,Sales Representative,1,Married,4400,15182,3,Y,No,12,3,1,80,0,6,2,3,3,2,2,2
865,30,Travel_Rarely,1329,Sales,29,4,Life Sciences,1,1211,3,Male,61,3,2,Sales Executive,1,Divorced,4115,13192,8,Y,No,19,3,3,80,3,8,3,3,4,3,0,3
288,26,Travel_Rarely,1449,Research & Development,16,4,Medical,1,394,1,Male,45,3,1,Laboratory Technician,2,Divorced,2373,14180,2,Y,Yes,13,3,4,80,1,5,2,3,3,2,0,2
1377,49,Travel_Frequently,1064,Research & Development,2,1,Life Sciences,1,1941,2,Male,42,3,5,Research Director,4,Married,19161,13738,3,Y,No,15,3,4,80,0,28,3,3,5,4,4,3
553,40,Travel_Rarely,804,Research & Development,2,1,Medical,1,763,4,Female,86,2,1,Research Scientist,4,Single,2342,22929,0,Y,Yes,20,4,4,80,0,5,2,2,4,2,2,3
284,26,Travel_Frequently,496,Research & Development,11,2,Medical,1,390,1,Male,60,3,2,Healthcare Representative,1,Married,4741,22722,1,Y,Yes,13,3,3,80,1,5,3,3,5,3,3,3
44,30,Travel_Frequently,721,Research & Development,1,2,Medical,1,57,3,Female,58,3,2,Laboratory Technician,4,Single,4011,10781,1,Y,No,23,4,4,80,0,12,2,3,12,8,3,7
1059,35,Travel_Rarely,660,Sales,7,1,Life Sciences,1,1492,4,Male,76,3,1,Sales Representative,3,Married,2404,16192,1,Y,No,13,3,1,80,1,1,3,3,1,0,0,0
583,34,Travel_Rarely,1111,Sales,8,2,Life Sciences,1,808,3,Female,93,3,2,Sales Executive,1,Married,6500,13305,5,Y,No,17,3,2,80,1,6,1,3,3,2,1,2
853,19,Travel_Rarely,645,Research & Development,9,2,Life Sciences,1,1193,3,Male,54,3,1,Research Scientist,1,Single,2552,7172,1,Y,No,25,4,3,80,0,1,4,3,1,1,0,0
16,32,Travel_Rarely,334,Research & Development,5,2,Life Sciences,1,21,1,Male,80,4,1,Research Scientist,2,Divorced,3298,15053,0,Y,Yes,12,3,4,80,2,7,5,2,6,2,0,5
453,26,Travel_Frequently,426,Human Resources,17,4,Life Sciences,1,608,2,Female,58,3,1,Human Resources,3,Divorced,2741,22808,0,Y,Yes,11,3,2,80,1,8,2,2,7,7,1,0
342,31,Travel_Rarely,1232,Research & Development,7,4,Medical,1,462,3,Female,39,3,3,Manufacturing Director,4,Single,7143,25713,1,Y,Yes,14,3,3,80,0,11,2,2,11,9,4,10
955,55,Travel_Rarely,282,Research & Development,2,2,Medical,1,1336,4,Female,58,1,5,Manager,3,Married,19187,6992,4,Y,No,14,3,4,80,1,23,5,3,19,9,9,11
584,42,Travel_Frequently,570,Research & Development,8,3,Life Sciences,1,809,2,Male,66,3,5,Manager,4,Divorced,18430,16225,1,Y,No,13,3,2,80,1,24,4,2,24,7,14,9
72,31,Travel_Rarely,1082,Research & Development,1,4,Medical,1,95,3,Male,87,3,1,Research Scientist,2,Single,2501,18775,1,Y,No,17,3,2,80,0,1,4,3,1,1,1,0
184,53,Travel_Rarely,1084,Research & Development,13,2,Medical,1,250,4,Female,57,4,2,Manufacturing Director,1,Divorced,4450,26250,1,Y,No,11,3,3,80,2,5,3,3,4,2,1,3
63,59,Travel_Rarely,1435,Sales,25,3,Life Sciences,1,81,1,Female,99,3,3,Sales Executive,1,Single,7637,2354,7,Y,No,11,3,4,80,0,28,3,2,21,16,7,9
759,45,Travel_Rarely,788,Human Resources,24,4,Medical,1,1049,2,Male,36,3,1,Human Resources,2,Single,2177,8318,1,Y,No,16,3,1,80,0,6,3,3,6,3,0,4
198,38,Travel_Rarely,1261,Research & Development,2,4,Life Sciences,1,271,4,Male,88,3,2,Manufacturing Director,3,Married,6553,7259,9,Y,No,14,3,2,80,0,14,3,3,1,0,0,0
650,43,Travel_Frequently,422,Research & Development,1,3,Life Sciences,1,902,4,Female,33,3,2,Healthcare Representative,4,Married,5562,21782,4,Y,No,13,3,2,80,1,12,2,2,5,2,2,2
502,53,Travel_Rarely,238,Sales,1,1,Medical,1,682,4,Female,34,3,2,Sales Executive,1,Single,8381,7507,7,Y,No,20,4,4,80,0,18,2,4,14,7,8,10
817,36,Non-Travel,217,Research & Development,18,4,Life Sciences,1,1133,1,Male,78,3,2,Manufacturing Director,4,Single,7779,23238,2,Y,No,20,4,1,80,0,18,0,3,11,9,0,9
1081,35,Travel_Rarely,1029,Research & Development,16,3,Life Sciences,1,1529,4,Female,91,2,3,Healthcare Representative,2,Single,8606,21195,1,Y,No,19,3,4,80,0,11,3,1,11,8,3,3
1185,43,Travel_Rarely,1291,Research & Development,15,2,Life Sciences,1,1666,3,Male,65,2,4,Research Director,3,Married,17603,3525,1,Y,No,24,4,1,80,1,14,3,3,14,10,6,11
460,26,Travel_Rarely,775,Sales,29,2,Medical,1,618,1,Male,45,3,2,Sales Executive,3,Divorced,4306,4267,5,Y,No,12,3,1,80,2,8,5,3,0,0,0,0
942,36,Travel_Rarely,325,Research & Development,10,4,Technical Degree,1,1312,4,Female,63,3,3,Healthcare Representative,3,Married,7094,5747,3,Y,No,12,3,1,80,0,10,0,3,7,7,1,7
348,42,Travel_Rarely,810,Research & Development,23,5,Life Sciences,1,468,1,Female,44,3,4,Research Director,4,Single,15992,15901,2,Y,No,14,3,2,80,0,16,2,3,1,0,0,0
137,39,Travel_Rarely,1329,Sales,4,4,Life Sciences,1,182,4,Female,47,2,2,Sales Executive,3,Married,5902,14590,4,Y,No,14,3,3,80,1,17,1,4,15,11,5,9
379,55,Travel_Rarely,1311,Research & Development,2,3,Life Sciences,1,505,3,Female,97,3,4,Manager,4,Single,16659,23258,2,Y,Yes,13,3,3,80,0,30,2,3,5,4,1,2
1399,43,Travel_Rarely,574,Research & Development,11,3,Life Sciences,1,1971,1,Male,30,3,3,Healthcare Representative,3,Married,7510,16873,1,Y,No,17,3,2,80,1,10,1,3,10,9,0,9
411,60,Travel_Rarely,422,Research & Development,7,3,Life Sciences,1,549,1,Female,41,3,5,Manager,1,Married,19566,3854,5,Y,No,11,3,4,80,0,33,5,1,29,8,11,10
1414,47,Travel_Rarely,1180,Research & Development,25,3,Medical,1,1993,1,Male,84,3,3,Healthcare Representative,3,Single,8633,13084,2,Y,No,23,4,2,80,0,25,3,3,17,14,12,11
875,44,Travel_Rarely,200,Research & Development,29,4,Other,1,1225,4,Male,32,3,2,Research Scientist,4,Single,4541,7744,1,Y,No,25,4,2,80,0,20,3,3,20,11,13,17
751,50,Non-Travel,145,Sales,1,3,Life Sciences,1,1040,4,Female,95,3,2,Sales Executive,3,Married,6347,24920,0,Y,No,12,3,1,80,1,19,3,3,18,7,0,13
582,40,Travel_Frequently,791,Research & Development,2,2,Medical,1,807,3,Female,38,4,2,Healthcare Representative,2,Married,4244,9931,1,Y,No,24,4,4,80,1,8,2,3,8,7,3,7
109,22,Travel_Rarely,534,Research & Development,15,3,Medical,1,144,2,Female,59,3,1,Laboratory Technician,4,Single,2871,23785,1,Y,No,15,3,3,80,0,1,5,3,0,0,0,0
1278,36,Travel_Rarely,1383,Research & Development,10,3,Life Sciences,1,1790,4,Male,90,3,3,Healthcare Representative,1,Married,8321,25949,7,Y,Yes,13,3,4,80,1,15,1,3,12,8,5,7
1170,27,Travel_Frequently,591,Research & Development,2,3,Medical,1,1648,4,Male,87,3,1,Research Scientist,4,Single,2580,6297,2,Y,No,13,3,3,80,0,6,0,2,4,2,1,2
809,28,Travel_Rarely,950,Research & Development,3,3,Medical,1,1121,4,Female,93,3,3,Manufacturing Director,2,Divorced,7655,8039,0,Y,No,17,3,2,80,3,10,3,2,9,7,1,7
167,30,Travel_Rarely,1339,Sales,5,3,Life Sciences,1,228,2,Female,41,3,3,Sales Executive,4,Married,9419,8053,2,Y,No,12,3,3,80,1,12,2,3,10,9,7,4
849,43,Travel_Rarely,1372,Sales,9,3,Marketing,1,1188,1,Female,85,1,2,Sales Executive,3,Single,5346,9489,8,Y,No,13,3,2,80,0,7,2,2,4,3,1,3
689,20,Travel_Rarely,129,Research & Development,4,3,Technical Degree,1,960,1,Male,84,3,1,Laboratory Technician,1,Single,2973,13008,1,Y,No,19,3,2,80,0,1,2,3,1,0,0,0
58,31,Travel_Rarely,655,Research & Development,7,4,Life Sciences,1,76,4,Male,48,3,2,Laboratory Technician,4,Divorced,5915,9528,3,Y,No,22,4,4,80,1,10,3,2,7,7,1,7
510,54,Travel_Rarely,397,Human Resources,19,4,Medical,1,698,3,Male,88,3,3,Human Resources,2,Married,10725,6729,2,Y,No,15,3,3,80,1,16,1,4,9,7,7,1
1405,31,Non-Travel,697,Research & Development,10,3,Medical,1,1979,3,Female,40,3,3,Research Director,3,Married,11031,26862,4,Y,No,20,4,3,80,1,13,2,4,11,7,4,8
870,35,Travel_Rarely,1361,Sales,17,4,Life Sciences,1,1218,3,Male,94,3,2,Sales Executive,1,Married,8966,21026,3,Y,Yes,15,3,4,80,3,15,2,3,7,7,1,7
267,25,Non-Travel,675,Research & Development,5,2,Life Sciences,1,369,2,Male,85,4,2,Healthcare Representative,1,Divorced,4000,18384,1,Y,No,12,3,4,80,2,6,2,3,6,3,1,5
929,28,Travel_Frequently,193,Research & Development,2,3,Life Sciences,1,1296,4,Male,52,2,1,Laboratory Technician,4,Married,3867,14222,1,Y,Yes,12,3,2,80,1,2,2,3,2,2,2,2
394,31,Travel_Rarely,480,Research & Development,7,2,Medical,1,524,2,Female,31,3,2,Manufacturing Director,1,Married,4306,4156,1,Y,No,12,3,2,80,1,13,5,1,13,10,3,12
278,26,Travel_Frequently,1479,Research & Development,1,3,Life Sciences,1,384,3,Female,84,3,2,Manufacturing Director,2,Divorced,6397,26767,1,Y,No,20,4,1,80,1,6,6,1,6,5,1,4
316,49,Travel_Rarely,1091,Research & Development,1,2,Technical Degree,1,431,3,Female,90,2,4,Healthcare Representative,3,Single,13964,17810,7,Y,Yes,12,3,4,80,0,25,2,3,7,1,0,7
112,54,Non-Travel,142,Human Resources,26,3,Human Resources,1,148,4,Female,30,4,4,Manager,4,Single,17328,13871,2,Y,Yes,12,3,3,80,0,23,3,3,5,3,4,4
1071,49,Travel_Rarely,271,Research & Development,3,2,Medical,1,1509,3,Female,43,2,2,Laboratory Technician,1,Married,4789,23070,4,Y,No,25,4,1,80,1,10,3,3,3,2,1,2
851,56,Travel_Rarely,718,Research & Development,4,4,Technical Degree,1,1191,4,Female,92,3,5,Manager,1,Divorced,19943,18575,4,Y,No,13,3,4,80,1,28,2,3,5,2,4,2
1462,39,Travel_Rarely,722,Sales,24,1,Marketing,1,2056,2,Female,60,2,4,Sales Executive,4,Married,12031,8828,0,Y,No,11,3,1,80,1,21,2,2,20,9,9,6
1374,58,Travel_Rarely,605,Sales,21,3,Life Sciences,1,1938,4,Female,72,3,4,Manager,4,Married,17875,11761,4,Y,Yes,13,3,3,80,1,29,2,2,1,0,0,0
587,52,Travel_Rarely,1325,Research & Development,11,4,Life Sciences,1,813,4,Female,82,3,2,Laboratory Technician,3,Married,3149,21821,8,Y,No,20,4,2,80,1,9,3,3,5,2,1,4
1359,34,Travel_Rarely,735,Sales,3,1,Medical,1,1915,4,Female,75,2,2,Sales Executive,4,Married,8103,16495,3,Y,Yes,12,3,3,80,0,9,3,2,4,2,0,1
830,41,Travel_Rarely,167,Research & Development,12,4,Life Sciences,1,1158,2,Male,46,3,1,Laboratory Technician,4,Married,4766,9051,3,Y,Yes,11,3,1,80,1,6,4,3,1,0,0,0
1164,40,Travel_Rarely,448,Research & Development,16,3,Life Sciences,1,1641,3,Female,84,3,3,Manufacturing Director,4,Single,7945,19948,6,Y,Yes,15,3,4,80,0,18,2,2,4,2,3,3
269,36,Travel_Rarely,1403,Research & Development,6,3,Life Sciences,1,373,4,Male,47,3,1,Laboratory Technician,4,Married,3210,20251,0,Y,No,11,3,3,80,1,16,4,3,15,13,10,11
187,55,Travel_Rarely,692,Research & Development,14,4,Medical,1,254,3,Male,61,4,5,Research Director,2,Single,18722,13339,8,Y,No,11,3,4,80,0,36,3,3,24,15,2,15
846,35,Travel_Rarely,819,Research & Development,2,3,Life Sciences,1,1182,3,Male,44,2,3,Manufacturing Director,2,Divorced,10274,19588,2,Y,No,18,3,2,80,1,15,2,4,7,7,6,4
845,40,Travel_Frequently,902,Research & Development,26,2,Medical,1,1180,3,Female,92,2,2,Research Scientist,4,Married,4422,21203,3,Y,Yes,13,3,4,80,1,16,3,1,1,1,0,0
1175,39,Travel_Rarely,492,Research & Development,12,3,Medical,1,1654,4,Male,66,3,2,Manufacturing Director,2,Married,5295,7693,4,Y,No,21,4,3,80,0,7,3,3,5,4,1,0
186,40,Travel_Rarely,989,Research & Development,4,1,Medical,1,253,4,Female,46,3,5,Manager,3,Married,19033,6499,1,Y,No,14,3,2,80,1,21,2,3,20,8,9,9
1331,48,Travel_Rarely,1224,Research & Development,10,3,Life Sciences,1,1867,4,Male,91,2,5,Research Director,2,Married,19665,13583,4,Y,No,12,3,4,80,0,29,3,3,22,10,12,9
117,36,Travel_Frequently,1467,Sales,11,2,Technical Degree,1,154,2,Female,92,3,3,Sales Executive,4,Married,9738,22952,0,Y,No,14,3,3,80,1,10,6,3,9,7,2,8
30,33,Travel_Rarely,924,Research & Development,2,3,Medical,1,39,3,Male,78,3,1,Laboratory Technician,4,Single,2496,6670,4,Y,No,11,3,4,80,0,7,3,3,1,1,0,0
777,21,Travel_Rarely,1334,Research & Development,10,3,Life Sciences,1,1079,3,Female,36,2,1,Laboratory Technician,1,Single,1416,17258,1,Y,No,13,3,1,80,0,1,6,2,1,0,1,0
1400,38,Travel_Frequently,1444,Human Resources,1,4,Other,1,1972,4,Male,88,3,1,Human Resources,2,Married,2991,5224,0,Y,Yes,11,3,2,80,1,7,2,3,6,2,1,2
1293,43,Non-Travel,343,Research & Development,9,3,Life Sciences,1,1813,1,Male,52,3,1,Research Scientist,3,Single,2438,24978,4,Y,No,13,3,3,80,0,7,2,2,3,2,1,2
252,29,Travel_Rarely,665,Research & Development,15,3,Life Sciences,1,346,3,Male,60,3,1,Research Scientist,4,Single,2340,22673,1,Y,No,19,3,1,80,0,6,1,3,6,5,1,5
256,42,Travel_Rarely,269,Research & Development,2,3,Medical,1,351,4,Female,56,2,1,Laboratory Technician,1,Divorced,2593,8007,0,Y,Yes,11,3,3,80,1,10,4,3,9,6,7,8
447,35,Travel_Rarely,619,Sales,1,3,Marketing,1,600,2,Male,85,3,2,Sales Executive,3,Married,4717,18659,9,Y,No,11,3,3,80,0,15,2,3,11,9,6,9
1001,37,Travel_Rarely,1462,Research & Development,11,3,Medical,1,1411,1,Female,94,3,1,Laboratory Technician,3,Single,3629,19106,4,Y,No,18,3,1,80,0,8,6,3,3,2,0,2
952,31,Travel_Frequently,1060,Sales,1,3,Life Sciences,1,1331,4,Female,54,3,1,Sales Representative,2,Single,2302,8319,1,Y,Yes,11,3,1,80,0,3,2,4,3,2,2,2
922,44,Travel_Rarely,1199,Research & Development,4,2,Life Sciences,1,1288,3,Male,92,4,5,Manager,1,Divorced,19190,17477,1,Y,No,14,3,4,80,2,26,4,2,25,9,14,13
729,35,Travel_Rarely,583,Research & Development,25,4,Medical,1,1014,3,Female,57,3,3,Healthcare Representative,3,Divorced,10388,6975,1,Y,Yes,11,3,3,80,1,16,3,2,16,10,10,1
1327,46,Travel_Rarely,1319,Sales,3,3,Technical Degree,1,1863,1,Female,45,4,4,Sales Executive,1,Divorced,13225,7739,2,Y,No,12,3,4,80,1,25,5,3,19,17,2,8
11,29,Travel_Rarely,153,Research & Development,15,2,Life Sciences,1,15,4,Female,49,2,2,Laboratory Technician,3,Single,4193,12682,0,Y,Yes,12,3,4,80,0,10,3,3,9,5,0,8
808,29,Travel_Rarely,1107,Research & Development,28,4,Life Sciences,1,1120,3,Female,93,3,1,Research Scientist,4,Divorced,2514,26968,4,Y,No,22,4,1,80,1,11,1,3,7,5,1,7
556,53,Travel_Rarely,346,Research & Development,6,3,Life Sciences,1,769,4,Male,86,3,2,Laboratory Technician,4,Single,2450,10919,2,Y,No,17,3,4,80,0,19,4,3,2,2,2,2
1337,28,Travel_Rarely,1172,Sales,3,3,Medical,1,1875,2,Female,78,3,1,Sales Representative,2,Married,2856,3692,1,Y,No,19,3,4,80,1,1,3,3,1,0,0,0
251,39,Travel_Frequently,505,Research & Development,2,4,Technical Degree,1,343,3,Female,64,3,3,Healthcare Representative,3,Single,10938,6420,0,Y,No,25,4,4,80,0,20,1,3,19,6,11,8
1277,46,Travel_Rarely,734,Research & Development,2,4,Medical,1,1789,3,Male,46,3,5,Research Director,4,Divorced,19328,14218,7,Y,Yes,17,3,3,80,1,24,3,3,2,1,2,2
1251,30,Travel_Rarely,979,Sales,15,2,Marketing,1,1754,3,Male,94,2,3,Sales Executive,1,Divorced,7140,3088,2,Y,No,11,3,1,80,1,12,2,3,7,7,1,7
508,35,Travel_Rarely,1017,Research & Development,6,4,Life Sciences,1,691,2,Male,82,1,2,Research Scientist,4,Single,6646,19368,1,Y,No,13,3,2,80,0,17,3,3,17,11,11,8
111,34,Travel_Frequently,658,Research & Development,7,3,Life Sciences,1,147,1,Male,66,1,2,Laboratory Technician,3,Single,6074,22887,1,Y,Yes,24,4,4,80,0,9,3,3,9,7,0,6
87,51,Travel_Rarely,432,Research & Development,9,4,Life Sciences,1,116,4,Male,96,3,1,Laboratory Technician,4,Married,2075,18725,3,Y,No,23,4,2,80,2,10,4,3,4,2,0,3
1031,46,Travel_Rarely,377,Sales,9,3,Marketing,1,1457,1,Male,52,3,3,Sales Executive,4,Divorced,10096,15986,4,Y,No,11,3,1,80,1,28,1,4,7,7,4,3
1380,35,Travel_Rarely,682,Sales,18,4,Medical,1,1945,2,Male,71,3,2,Sales Executive,1,Married,5561,15975,0,Y,No,16,3,4,80,1,6,2,1,5,3,0,4
1350,27,Travel_Rarely,511,Sales,2,2,Medical,1,1898,1,Female,89,4,2,Sales Executive,3,Single,6500,26997,0,Y,No,14,3,2,80,0,9,5,2,8,7,0,7
1323,28,Non-Travel,280,Human Resources,1,2,Life Sciences,1,1858,3,Male,43,3,1,Human Resources,4,Divorced,2706,10494,1,Y,No,15,3,2,80,1,3,2,3,3,2,2,2
55,33,Travel_Frequently,515,Research & Development,1,2,Life Sciences,1,73,1,Female,98,3,3,Research Director,4,Single,13458,15146,1,Y,Yes,12,3,3,80,0,15,1,3,15,14,8,12
450,31,Travel_Rarely,828,Sales,2,1,Life Sciences,1,604,2,Male,77,3,2,Sales Executive,4,Single,6582,8346,4,Y,Yes,13,3,3,80,0,10,2,4,6,5,0,5
501,30,Travel_Frequently,160,Research & Development,3,3,Medical,1,680,3,Female,71,3,1,Research Scientist,3,Divorced,2083,22653,1,Y,No,20,4,3,80,1,1,2,3,1,0,0,0
540,28,Travel_Rarely,654,Research & Development,1,2,Life Sciences,1,741,1,Female,67,1,1,Research Scientist,2,Single,2216,3872,7,Y,Yes,13,3,4,80,0,10,4,3,7,7,3,7
1032,39,Non-Travel,592,Research & Development,2,3,Life Sciences,1,1458,1,Female,54,2,1,Laboratory Technician,1,Single,3646,17181,2,Y,Yes,23,4,2,80,0,11,2,4,1,0,0,0
719,47,Travel_Rarely,955,Sales,4,2,Life Sciences,1,1003,4,Female,83,3,2,Sales Executive,4,Single,4163,8571,1,Y,Yes,17,3,3,80,0,9,0,3,9,0,0,7
5,32,Travel_Frequently,1005,Research & Development,2,2,Life Sciences,1,8,4,Male,79,3,1,Laboratory Technician,4,Single,3068,11864,0,Y,No,13,3,3,80,0,8,2,2,7,7,3,6
270,55,Travel_Rarely,452,Research & Development,1,3,Medical,1,374,4,Male,81,3,5,Manager,1,Single,19045,18938,0,Y,Yes,14,3,3,80,0,37,2,3,36,10,4,13
876,20,Travel_Rarely,654,Sales,21,3,Marketing,1,1226,3,Male,43,4,1,Sales Representative,4,Single,2678,5050,1,Y,No,17,3,4,80,0,2,2,3,2,1,2,2
259,31,Travel_Frequently,307,Research & Development,29,2,Medical,1,355,3,Male,71,2,1,Laboratory Technician,2,Single,3479,11652,0,Y,No,11,3,2,80,0,6,2,4,5,4,1,4
330,43,Travel_Frequently,559,Research & Development,10,4,Life Sciences,1,448,3,Female,82,2,2,Laboratory Technician,3,Divorced,5257,6227,1,Y,No,11,3,2,80,1,9,3,4,9,7,0,0
1362,45,Travel_Frequently,1297,Research & Development,1,4,Medical,1,1922,2,Male,44,3,2,Healthcare Representative,3,Single,5399,14511,4,Y,No,12,3,3,80,0,12,3,3,4,2,0,3
953,44,Travel_Rarely,935,Research & Development,3,3,Life Sciences,1,1333,1,Male,89,3,1,Laboratory Technician,1,Married,2362,14669,4,Y,No,12,3,3,80,0,10,4,4,3,2,1,2
754,33,Non-Travel,1038,Sales,8,1,Life Sciences,1,1044,2,Female,88,2,1,Sales Representative,4,Single,2342,21437,0,Y,No,19,3,4,80,0,3,2,2,2,2,2,2
715,33,Travel_Frequently,827,Research & Development,1,4,Other,1,998,3,Female,84,4,2,Healthcare Representative,2,Married,5488,20161,1,Y,Yes,13,3,1,80,1,6,2,3,6,5,1,2
1257,31,Travel_Rarely,1079,Sales,16,4,Marketing,1,1761,1,Male,70,3,3,Sales Executive,3,Married,8161,19002,2,Y,No,13,3,1,80,3,10,2,3,1,0,0,0
152,53,Travel_Rarely,1436,Sales,6,2,Marketing,1,205,2,Male,34,3,2,Sales Representative,3,Married,2306,16047,2,Y,Yes,20,4,4,80,1,13,3,1,7,7,4,5
877,46,Travel_Rarely,150,Research & Development,2,4,Technical Degree,1,1228,4,Male,60,3,2,Manufacturing Director,4,Divorced,7379,17433,2,Y,No,11,3,3,80,1,12,3,2,6,3,1,4
1284,39,Travel_Rarely,1253,Research & Development,10,1,Medical,1,1800,3,Male,65,3,3,Research Director,3,Single,13464,7914,7,Y,No,21,4,3,80,0,9,3,3,4,3,2,2
893,29,Travel_Rarely,1010,Research & Development,1,3,Life Sciences,1,1249,1,Female,97,3,1,Research Scientist,4,Divorced,3760,5598,1,Y,No,15,3,1,80,3,3,5,3,3,2,1,2
685,26,Travel_Frequently,1283,Sales,1,3,Medical,1,956,3,Male,52,2,2,Sales Executive,1,Single,4294,11148,1,Y,No,12,3,2,80,0,7,2,3,7,7,0,7
407,45,Travel_Rarely,192,Research & Development,10,2,Life Sciences,1,544,1,Male,69,3,1,Research Scientist,4,Married,2654,9655,3,Y,No,21,4,4,80,2,8,3,2,2,2,0,2
773,36,Travel_Rarely,796,Research & Development,12,5,Medical,1,1073,4,Female,51,2,3,Manufacturing Director,4,Single,8858,15669,0,Y,No,11,3,2,80,0,15,2,2,14,8,7,8
1411,25,Travel_Rarely,309,Human Resources,2,3,Human Resources,1,1987,3,Female,82,3,1,Human Resources,2,Married,2187,19655,4,Y,No,14,3,3,80,0,6,3,3,2,0,1,2
598,28,Travel_Rarely,890,Research & Development,2,4,Medical,1,828,3,Male,46,3,1,Research Scientist,3,Single,4382,16374,6,Y,No,17,3,4,80,0,5,3,2,2,2,2,1
555,29,Travel_Rarely,1090,Sales,10,3,Marketing,1,766,4,Male,83,3,1,Sales Representative,2,Divorced,2297,17967,1,Y,No,14,3,4,80,2,2,2,3,2,2,2,2
591,33,Travel_Rarely,118,Sales,16,3,Marketing,1,819,1,Female,69,3,2,Sales Executive,1,Single,5324,26507,5,Y,No,15,3,3,80,0,6,3,3,3,2,0,2
567,34,Travel_Rarely,304,Sales,2,3,Other,1,786,4,Male,60,3,2,Sales Executive,4,Single,6274,18686,1,Y,No,22,4,3,80,0,6,5,3,6,5,1,4
0,41,Travel_Rarely,1102,Sales,1,2,Life Sciences,1,1,2,Female,94,3,2,Sales Executive,4,Single,5993,19479,8,Y,Yes,11,3,1,80,0,8,0,1,6,4,0,5
1094,40,Travel_Rarely,1342,Sales,9,2,Medical,1,1548,1,Male,47,3,2,Sales Executive,1,Married,5473,19345,0,Y,No,12,3,4,80,0,9,5,4,8,4,7,1
1233,30,Travel_Rarely,793,Research & Development,16,1,Life Sciences,1,1729,2,Male,33,3,1,Research Scientist,4,Married,2862,3811,1,Y,No,12,3,2,80,1,10,2,2,10,0,0,8
867,50,Travel_Frequently,1421,Research & Development,2,3,Medical,1,1215,4,Female,30,3,4,Manager,1,Married,17856,9490,2,Y,No,22,4,3,80,1,32,3,3,2,2,2,2
1055,34,Travel_Frequently,829,Research & Development,15,3,Medical,1,1485,2,Male,71,3,4,Research Director,1,Divorced,17007,11929,7,Y,No,14,3,4,80,2,16,3,2,14,8,6,9
1370,47,Non-Travel,1169,Research & Development,14,4,Technical Degree,1,1934,3,Male,64,3,2,Research Scientist,2,Married,5467,2125,8,Y,No,18,3,3,80,1,16,4,4,8,7,1,7
1064,30,Travel_Rarely,330,Human Resources,1,3,Life Sciences,1,1499,3,Male,46,3,1,Human Resources,3,Divorced,2064,15428,0,Y,No,21,4,1,80,1,6,3,4,5,3,1,3
396,43,Travel_Rarely,1473,Research & Development,8,4,Other,1,526,3,Female,74,3,2,Healthcare Representative,3,Divorced,4522,2227,4,Y,Yes,14,3,4,80,0,8,3,3,5,2,0,2
1425,33,Travel_Rarely,501,Research & Development,15,2,Medical,1,2009,2,Female,95,3,2,Healthcare Representative,4,Married,4878,21653,0,Y,Yes,13,3,1,80,1,10,6,3,9,7,8,1
664,36,Travel_Rarely,1425,Research & Development,14,1,Life Sciences,1,924,3,Male,68,3,2,Healthcare Representative,4,Married,6586,4821,0,Y,Yes,17,3,1,80,1,17,2,2,16,8,4,11
840,35,Travel_Rarely,982,Research & Development,1,4,Medical,1,1172,4,Male,58,2,1,Laboratory Technician,3,Married,2258,16340,6,Y,No,12,3,2,80,1,10,2,3,8,0,1,7
1132,40,Travel_Rarely,118,Sales,14,2,Life Sciences,1,1598,4,Female,84,3,2,Sales Executive,1,Married,4639,11262,1,Y,No,15,3,3,80,1,5,2,3,5,4,1,2
711,29,Travel_Rarely,906,Research & Development,10,3,Life Sciences,1,994,4,Female,92,2,1,Research Scientist,1,Single,2404,11479,6,Y,Yes,20,4,3,80,0,3,5,3,0,0,0,0
603,45,Travel_Rarely,252,Research & Development,2,3,Life Sciences,1,834,2,Female,95,2,1,Research Scientist,3,Single,2274,6153,1,Y,No,14,3,4,80,0,1,3,3,1,0,0,0
1369,28,Travel_Rarely,1475,Sales,13,2,Marketing,1,1933,4,Female,84,3,2,Sales Executive,3,Single,9854,23352,3,Y,Yes,11,3,4,80,0,6,0,3,2,0,2,2
243,40,Travel_Rarely,1300,Research & Development,24,2,Technical Degree,1,335,1,Male,62,3,2,Research Scientist,4,Divorced,3319,24447,1,Y,No,17,3,1,80,2,9,3,3,9,8,4,7
1210,33,Travel_Rarely,267,Research & Development,21,3,Medical,1,1698,2,Male,79,4,1,Laboratory Technician,2,Married,2028,13637,1,Y,No,18,3,4,80,3,14,6,3,14,11,2,13
707,47,Travel_Frequently,1379,Research & Development,16,4,Medical,1,987,3,Male,64,4,2,Manufacturing Director,3,Divorced,5067,6759,1,Y,Yes,19,3,3,80,0,20,3,4,19,10,2,7
662,20,Travel_Rarely,500,Sales,2,3,Medical,1,922,3,Female,49,2,1,Sales Representative,3,Single,2044,22052,1,Y,No,13,3,4,80,0,2,3,2,2,2,0,2
1217,24,Travel_Rarely,581,Research & Development,9,3,Medical,1,1707,3,Male,62,4,1,Research Scientist,3,Married,4401,17616,1,Y,No,16,3,4,80,1,5,1,3,5,3,0,4
1039,34,Travel_Rarely,1107,Human Resources,9,4,Technical Degree,1,1467,1,Female,52,3,1,Human Resources,3,Married,2742,3072,1,Y,No,15,3,4,80,0,2,0,3,2,2,2,2
1151,28,Travel_Rarely,580,Research & Development,27,3,Medical,1,1622,2,Female,39,1,2,Manufacturing Director,1,Divorced,4877,20460,0,Y,No,21,4,2,80,1,6,5,2,5,3,0,0
899,49,Travel_Rarely,1098,Research & Development,4,2,Medical,1,1256,1,Male,85,2,5,Manager,3,Married,18711,12124,2,Y,No,13,3,3,80,1,23,2,4,1,0,0,0
611,35,Travel_Rarely,950,Research & Development,7,3,Other,1,845,3,Male,59,3,3,Manufacturing Director,3,Single,10221,18869,3,Y,No,21,4,2,80,0,17,3,4,8,5,1,6
431,54,Travel_Rarely,548,Research & Development,8,4,Life Sciences,1,578,3,Female,42,3,2,Laboratory Technician,3,Single,3780,23428,7,Y,No,11,3,3,80,0,19,3,3,1,0,0,0
1,49,Travel_Frequently,279,Research & Development,8,1,Life Sciences,1,2,3,Male,61,2,2,Research Scientist,2,Married,5130,24907,1,Y,No,23,4,4,80,1,10,3,3,10,7,1,7
864,41,Non-Travel,906,Research & Development,5,2,Life Sciences,1,1210,1,Male,95,2,1,Research Scientist,1,Divorced,2107,20293,6,Y,No,17,3,1,80,1,5,2,1,1,0,0,0
335,40,Travel_Rarely,1124,Sales,1,2,Medical,1,453,2,Male,57,1,2,Sales Executive,4,Married,7457,13273,2,Y,Yes,22,4,3,80,3,6,2,2,4,3,0,2
713,45,Travel_Rarely,974,Research & Development,1,4,Medical,1,996,4,Female,91,3,1,Laboratory Technician,4,Divorced,2270,11005,3,Y,No,14,3,4,80,2,8,2,3,5,3,0,2
380,24,Travel_Rarely,1371,Sales,10,4,Marketing,1,507,4,Female,77,3,2,Sales Executive,3,Divorced,4260,5915,1,Y,Yes,12,3,4,80,1,5,2,4,5,2,0,3
374,28,Travel_Rarely,304,Sales,9,4,Life Sciences,1,498,2,Male,92,3,2,Sales Executive,4,Single,5253,20750,1,Y,No,16,3,4,80,0,7,1,3,7,5,0,7
442,36,Non-Travel,635,Sales,10,4,Medical,1,592,2,Male,32,3,3,Sales Executive,4,Single,9980,15318,1,Y,No,14,3,4,80,0,10,3,2,10,3,9,7
47,37,Travel_Rarely,408,Research & Development,19,2,Life Sciences,1,61,2,Male,73,3,1,Research Scientist,2,Married,3022,10227,4,Y,No,21,4,1,80,0,8,1,3,1,0,0,0
218,45,Non-Travel,1052,Sales,6,3,Medical,1,302,4,Female,57,2,3,Sales Executive,4,Single,8865,16840,6,Y,No,12,3,4,80,0,23,2,3,19,7,12,8
1389,31,Travel_Frequently,1125,Research & Development,1,3,Life Sciences,1,1956,4,Male,48,1,2,Research Scientist,1,Married,5003,5771,1,Y,No,21,4,2,80,0,10,6,3,10,8,8,7
557,35,Non-Travel,1225,Research & Development,2,4,Life Sciences,1,771,4,Female,61,3,2,Healthcare Representative,1,Divorced,5093,4761,2,Y,No,11,3,1,80,1,16,2,4,1,0,0,0
810,46,Travel_Rarely,406,Sales,3,1,Marketing,1,1124,1,Male,52,3,4,Manager,3,Married,17465,15596,3,Y,No,12,3,4,80,1,23,3,3,12,9,4,9
1454,45,Travel_Rarely,374,Sales,20,3,Life Sciences,1,2046,4,Female,50,3,2,Sales Executive,3,Single,4850,23333,8,Y,No,15,3,3,80,0,8,3,3,5,3,0,1
29,46,Travel_Rarely,705,Sales,2,4,Marketing,1,38,2,Female,83,3,5,Manager,1,Single,18947,22822,3,Y,No,12,3,4,80,0,22,2,2,2,2,2,1
560,34,Travel_Rarely,167,Research & Development,8,5,Life Sciences,1,775,2,Female,32,3,2,Manufacturing Director,1,Divorced,5121,4187,3,Y,No,14,3,3,80,1,7,3,3,0,0,0,0
303,31,Travel_Rarely,218,Sales,7,3,Technical Degree,1,416,2,Male,100,4,2,Sales Executive,4,Married,6929,12241,4,Y,No,11,3,2,80,1,10,3,2,8,7,7,7
954,42,Non-Travel,495,Research & Development,2,1,Life Sciences,1,1334,3,Male,37,3,4,Manager,3,Married,17861,26582,0,Y,Yes,13,3,4,80,0,21,3,2,20,8,2,10
228,35,Travel_Frequently,944,Sales,1,3,Marketing,1,314,3,Female,92,3,3,Sales Executive,3,Single,8789,9096,1,Y,No,14,3,1,80,0,10,3,4,10,7,0,8
286,44,Travel_Frequently,920,Research & Development,24,3,Life Sciences,1,392,4,Male,43,3,1,Laboratory Technician,3,Divorced,3161,19920,3,Y,Yes,22,4,4,80,1,19,0,1,1,0,0,0
268,45,Travel_Rarely,1385,Research & Development,20,2,Medical,1,372,3,Male,79,3,4,Healthcare Representative,4,Married,13496,7501,0,Y,Yes,14,3,2,80,0,21,2,3,20,7,4,10
126,58,Travel_Rarely,147,Research & Development,23,4,Medical,1,165,4,Female,94,3,3,Healthcare Representative,4,Married,10312,3465,1,Y,No,12,3,4,80,1,40,3,2,40,10,15,6
1015,34,Travel_Frequently,560,Research & Development,1,4,Other,1,1431,4,Male,91,3,1,Research Scientist,1,Divorced,2996,20284,5,Y,No,14,3,3,80,2,10,2,3,4,3,1,3
908,33,Travel_Rarely,536,Sales,10,5,Marketing,1,1268,4,Male,82,4,3,Sales Executive,3,Divorced,8380,21708,0,Y,Yes,14,3,4,80,2,10,3,3,9,8,0,8
1299,40,Travel_Rarely,1194,Research & Development,1,3,Life Sciences,1,1822,3,Female,52,3,2,Healthcare Representative,4,Divorced,6513,9060,4,Y,No,17,3,4,80,1,12,3,3,5,3,0,3
1078,44,Travel_Rarely,136,Research & Development,28,3,Life Sciences,1,1523,4,Male,32,3,4,Research Director,1,Married,16328,22074,3,Y,No,13,3,3,80,1,24,1,4,20,6,14,17
127,19,Travel_Rarely,528,Sales,22,1,Marketing,1,167,4,Male,50,3,1,Sales Representative,3,Single,1675,26820,1,Y,Yes,19,3,4,80,0,0,2,2,0,0,0,0
1003,25,Travel_Rarely,949,Research & Development,1,3,Technical Degree,1,1415,1,Male,81,3,1,Laboratory Technician,4,Married,3229,4910,4,Y,No,11,3,2,80,1,7,2,2,3,2,0,2
1150,35,Travel_Rarely,819,Research & Development,18,5,Life Sciences,1,1621,2,Male,48,4,2,Research Scientist,1,Married,5208,26312,1,Y,No,11,3,4,80,0,16,2,3,16,15,1,10
668,28,Travel_Rarely,995,Research & Development,9,3,Medical,1,930,3,Female,77,3,1,Research Scientist,3,Divorced,2377,9834,5,Y,No,18,3,2,80,1,6,2,3,2,2,2,2
561,52,Travel_Rarely,621,Sales,3,4,Marketing,1,776,3,Male,31,2,4,Manager,1,Married,16856,10084,1,Y,No,11,3,1,80,0,34,3,4,34,6,1,16
1444,56,Travel_Rarely,310,Research & Development,7,2,Technical Degree,1,2032,4,Male,72,3,1,Laboratory Technician,3,Married,2339,3666,8,Y,No,11,3,4,80,1,14,4,1,10,9,9,8
727,18,Non-Travel,287,Research & Development,5,2,Life Sciences,1,1012,2,Male,73,3,1,Research Scientist,4,Single,1051,13493,1,Y,No,15,3,4,80,0,0,2,3,0,0,0,0
660,58,Travel_Frequently,781,Research & Development,2,1,Life Sciences,1,918,4,Male,57,2,1,Laboratory Technician,4,Divorced,2380,13384,9,Y,Yes,14,3,4,80,1,3,3,2,1,0,0,0
1453,36,Travel_Rarely,1120,Sales,11,4,Marketing,1,2045,2,Female,100,2,2,Sales Executive,4,Married,6652,14369,4,Y,No,13,3,1,80,1,8,2,2,6,3,0,0
73,32,Travel_Rarely,548,Research & Development,1,3,Life Sciences,1,96,2,Male,66,3,2,Research Scientist,2,Married,6220,7346,1,Y,No,17,3,2,80,2,10,3,3,10,4,0,9
831,31,Travel_Frequently,874,Research & Development,15,3,Medical,1,1160,3,Male,72,3,1,Laboratory Technician,3,Married,2610,6233,1,Y,No,12,3,3,80,1,2,5,2,2,2,2,2
1043,53,Travel_Rarely,447,Research & Development,2,3,Medical,1,1472,4,Male,39,4,4,Research Director,2,Single,16598,19764,4,Y,No,12,3,2,80,0,35,2,2,9,8,8,8
756,32,Non-Travel,1109,Research & Development,29,4,Medical,1,1046,4,Female,69,3,1,Laboratory Technician,3,Single,4025,11135,9,Y,No,12,3,2,80,0,10,2,3,8,7,7,7
723,46,Travel_Rarely,566,Research & Development,7,2,Medical,1,1007,4,Male,75,3,3,Manufacturing Director,3,Divorced,10845,24208,6,Y,No,13,3,2,80,1,13,3,3,8,7,0,7
383,22,Travel_Rarely,253,Research & Development,11,3,Medical,1,511,1,Female,43,3,1,Research Scientist,2,Married,2244,24440,1,Y,No,13,3,4,80,1,2,1,3,2,1,1,2
700,58,Travel_Rarely,289,Research & Development,2,3,Technical Degree,1,977,4,Male,51,3,1,Research Scientist,3,Single,2479,26227,4,Y,No,24,4,1,80,0,7,4,3,1,0,0,0
298,36,Travel_Frequently,566,Research & Development,18,4,Life Sciences,1,407,3,Male,81,4,1,Laboratory Technician,4,Married,3688,7122,4,Y,No,18,3,4,80,2,4,2,3,1,0,0,0
1017,27,Travel_Rarely,1377,Research & Development,11,1,Life Sciences,1,1434,2,Male,91,3,1,Laboratory Technician,1,Married,2099,7679,0,Y,No,14,3,2,80,0,6,3,4,5,0,1,4
212,27,Travel_Frequently,1242,Sales,20,3,Life Sciences,1,293,4,Female,90,3,2,Sales Executive,3,Single,9981,12916,1,Y,No,14,3,4,80,0,7,2,3,7,7,0,7
446,41,Non-Travel,267,Sales,10,2,Life Sciences,1,599,4,Male,56,3,2,Sales Executive,4,Single,6230,13430,7,Y,No,14,3,4,80,0,16,3,3,14,3,1,10
682,32,Non-Travel,1184,Research & Development,1,3,Life Sciences,1,951,3,Female,70,2,1,Laboratory Technician,2,Married,2332,3974,6,Y,No,20,4,3,80,0,5,3,3,3,0,0,2
129,49,Travel_Rarely,470,Research & Development,20,4,Medical,1,170,3,Female,96,3,2,Manufacturing Director,1,Married,6567,5549,1,Y,No,14,3,3,80,0,16,2,2,15,11,5,11
291,36,Travel_Rarely,506,Research & Development,3,3,Technical Degree,1,397,3,Male,30,3,2,Research Scientist,2,Single,4485,26285,4,Y,No,12,3,4,80,0,10,2,3,8,0,7,7
1038,48,Travel_Rarely,1221,Sales,7,3,Marketing,1,1466,3,Male,96,3,2,Sales Executive,1,Divorced,5486,24795,4,Y,No,11,3,1,80,3,15,3,3,2,2,2,2
253,42,Travel_Rarely,916,Research & Development,17,2,Life Sciences,1,347,4,Female,82,4,2,Research Scientist,1,Single,6545,23016,3,Y,Yes,13,3,3,80,0,10,1,3,3,2,0,2
1298,46,Travel_Rarely,261,Research & Development,21,2,Medical,1,1821,4,Female,66,3,2,Healthcare Representative,2,Married,8926,10842,4,Y,No,22,4,4,80,1,13,2,4,9,7,3,7
693,36,Travel_Rarely,530,Sales,3,1,Life Sciences,1,967,3,Male,51,2,3,Sales Executive,4,Married,10325,5518,1,Y,Yes,11,3,1,80,1,16,6,3,16,7,3,7
688,19,Travel_Rarely,419,Sales,21,3,Other,1,959,4,Male,37,2,1,Sales Representative,2,Single,2121,9947,1,Y,Yes,13,3,2,80,0,1,3,4,1,0,0,0
139,30,Travel_Rarely,1240,Human Resources,9,3,Human Resources,1,184,3,Male,48,3,2,Human Resources,4,Married,6347,13982,0,Y,Yes,19,3,4,80,0,12,2,1,11,9,4,7
970,27,Travel_Rarely,1291,Sales,11,3,Medical,1,1364,3,Female,98,4,1,Sales Representative,4,Married,2534,6527,8,Y,No,14,3,2,80,1,5,4,3,1,0,0,0
616,51,Travel_Rarely,1318,Sales,26,4,Marketing,1,851,1,Female,66,3,4,Manager,3,Married,16307,5594,2,Y,No,14,3,3,80,1,29,2,2,20,6,4,17
1228,41,Non-Travel,552,Human Resources,4,3,Human Resources,1,1722,3,Male,60,1,2,Human Resources,2,Married,6430,20794,6,Y,No,19,3,2,80,1,10,4,3,3,2,1,2
205,29,Travel_Rarely,121,Sales,27,3,Marketing,1,283,2,Female,35,3,3,Sales Executive,4,Married,7639,24525,1,Y,No,22,4,4,80,3,10,3,2,10,4,1,9
273,37,Travel_Rarely,228,Sales,6,4,Medical,1,378,3,Male,98,3,2,Sales Executive,4,Married,6502,22825,4,Y,No,14,3,2,80,1,7,5,4,5,4,0,1
844,30,Travel_Rarely,852,Sales,10,3,Marketing,1,1179,3,Male,72,2,2,Sales Executive,3,Married,6578,2706,1,Y,No,18,3,1,80,1,10,3,3,10,3,1,4
295,42,Travel_Frequently,555,Sales,26,3,Marketing,1,404,3,Female,77,3,4,Sales Executive,2,Married,13525,14864,5,Y,No,14,3,4,80,1,23,2,4,20,4,4,8
800,28,Travel_Frequently,1009,Research & Development,1,3,Medical,1,1111,1,Male,45,2,1,Laboratory Technician,2,Divorced,2596,7160,1,Y,No,15,3,1,80,2,1,2,3,1,0,0,0
293,26,Travel_Rarely,950,Sales,4,4,Marketing,1,401,4,Male,48,2,2,Sales Executive,4,Single,5828,8450,1,Y,Yes,12,3,2,80,0,8,0,3,8,7,7,4
